"Word","LgSUBTLCD","Age_Of_Acquisition","NPhon","Handcoded by RA","Comments","aoa","lf","LgSUBTLCD2","Age_Of_Acquisition2"
"acorn","1.23",5.95,5,"NA",NA,"5.95",1.23044892137827,"1.23","5.95"
"airplane","2.5499999999999998",3.94,6,"NA",NA,"3.94",2.55022835305509,"2.5499999999999998","3.94"
"almonds","1.58",7.67,6,"NA",NA,NA,1.57978359661681,"1.58","7.67"
"anchor","2.2759999999999998",5.72,4,"NA",NA,"5.72",2.27646180417324,"2.2759999999999998","5.72"
"anchovy","0.90300000000000002",9.32,6,"NA",NA,"9.32",0.903089986991944,"0.90300000000000002","9.32"
"ant","2.0489999999999999",4.32,3,"NA",NA,"4.32",2.04921802267018,"2.0489999999999999","4.32"
"antenna","1.9139999999999999",7.05,6,"NA",NA,"7.05",1.91381385238372,"1.9139999999999999","7.05"
"antlers","1.518",NA,6,"NA",NA,"6.39",1.51851393987789,"1.518","6.39"
"anvil","1.3979999999999999",10.79,4,"NA",NA,"10.79",1.39794000867204,"1.3979999999999999","10.79"
"apple","2.839",4.15,3,"NA",NA,"4.1500000000000004",2.83884909073726,"2.839","4.15"
"apron","2.0329999999999999",6.75,5,"NA",NA,"6.75",2.03342375548695,"2.0329999999999999","6.75"
"arm","3.2890000000000001",3.26,3,"NA",NA,"3.26",3.28914283593233,"3.2890000000000001","3.26"
"armadillo","1.3420000000000001",8.609,8,"NA",NA,"8.6088850000000008",1.34242268082221,"1.3420000000000001","8.609"
"armchair","1.3009999999999999",6.56,6,"NA",NA,"6.56",1.30102999566398,"1.3009999999999999","6.56"
"armour","1.7849999999999999",NA,4,"NA",NA,NA,1.78532983501077,"1.7849999999999999",NA
"arrow","2.2970000000000002",6.07,3,"NA",NA,"6.07",2.29666519026153,"2.2970000000000002","6.07"
"artichoke","1.38",10,7,"NA",NA,"10",1.38021124171161,"1.38","10"
"ashtray","2.0720000000000001",5.95,5,"NA",NA,"5.95",2.07188200730613,"2.0720000000000001","5.95"
"asparagus","1.633",6.79,9,"NA",NA,"6.79",1.63346845557959,"1.633","6.79"
"avocado","1.643",9.29,7,"NA",NA,"9.2899999999999991",1.64345267648619,"1.643","9.29"
"axe","2.1850000000000001",6.11,3,"NA",NA,"6.11",2.1846914308176,"2.1850000000000001","6.11"
"backpack","2.121",5.38,6,"NA",NA,"5.38",2.12057393120585,"2.121","5.38"
"bacon","2.6019999999999999",5,5,"NA",NA,"5",2.60205999132796,"2.6019999999999999","5"
"balcony","2.4279999999999999",8.1,7,"NA",NA,"8.1",2.42813479402879,"2.4279999999999999","8.1"
"ball","3.3159999999999998",2.9,3,"NA",NA,"2.9",3.31618009889345,"3.3159999999999998","2.9"
"balloon","2.4180000000000001",4.37,5,"NA",NA,"4.37",2.41830129131975,"2.4180000000000001","4.37"
"banana","2.5129999999999999",3.78,6,"NA",NA,"3.78",2.51321760006794,"2.5129999999999999","3.78"
"banjo","1.708",8.44,5,"NA",NA,"8.44",1.70757017609794,"1.708","8.44"
"barn","2.5979999999999999",4.5,4,"NA",NA,"4.5",2.59769518592551,"2.5979999999999999","4.5"
"barrel","2.573",7.72,5,"NA",NA,"7.72",2.57287160220048,"2.573","7.72"
"bartender","2.5049999999999999",8.9,8,"NA",NA,"8.9",2.50514997831991,"2.5049999999999999","8.9"
"baseball","2.8069999999999999",4.83,6,"NA",NA,"4.83",2.80685802951882,"2.8069999999999999","4.83"
"basket","2.6320000000000001",5.67,6,"NA",NA,"5.67",2.63245729218472,"2.6320000000000001","5.67"
"basketball","2.6240000000000001",5.3,9,"NA",NA,"5.3",2.62428209583567,"2.6240000000000001","5.3"
"bat","2.75",4.85,3,"NA",NA,"4.8499999999999996",2.74973631556906,"2.75","4.85"
"bathrobe","1.8129999999999999",7.9,6,"NA",NA,"7.9",1.81291335664286,"1.8129999999999999","7.9"
"bathtub","2.3519999999999999",3.22,6,"NA",NA,"3.22",2.35218251811136,"2.3519999999999999","3.22"
"battery","2.6019999999999999",5.58,6,"NA",NA,"5.58",2.60205999132796,"2.6019999999999999","5.58"
"bear","3.1760000000000002",3.58,3,"NA",NA,"3.58",3.17638069224327,"3.1760000000000002","3.58"
"beaver","2.1070000000000002",5.21,4,"NA",NA,"5.21",2.10720996964787,"2.1070000000000002","5.21"
"bed","3.6139999999999999",2.89,3,"NA",NA,"2.89",3.6142642873587,"3.6139999999999999","2.89"
"bee","2.3959999999999999",5,2,"NA",NA,"5",2.39619934709574,"2.3959999999999999","5"
"beetle","1.7629999999999999",5.32,4,"NA",NA,"5.32",1.76342799356294,"1.7629999999999999","5.32"
"bell","3.0150000000000001",3.89,3,"NA",NA,"3.89",3.01535975540921,"3.0150000000000001","3.89"
"belt","2.9239999999999999",4.62,4,"NA",NA,"4.62",2.9237619608287,"2.9239999999999999","4.62"
"bench","2.5350000000000001",4.21,4,"NA",NA,"4.21",2.53529412004277,"2.5350000000000001","4.21"
"bib","1.38",4.53,3,"NA",NA,"4.53",1.38021124171161,"1.38","4.53"
"bicycle","2.38",4.26,6,"NA",NA,"4.26",2.38021124171161,"2.38","4.26"
"binoculars","1.845",6.79,10,"NA",NA,"6.79",1.84509804001426,"1.845","6.79"
"bird","3.0779999999999998",3.52,3,"NA",NA,"3.52",3.07809415040641,"3.0779999999999998","3.52"
"bit","3.706",6.47,3,"NA",NA,"6.47",3.70629095725876,"3.706","6.47"
"blackberry","1.4470000000000001",8.95,8,"NA",NA,"8.9499999999999993",1.44715803134222,"1.4470000000000001","8.95"
"bleachers","1.724",NA,6,"NA",NA,NA,1.72427586960079,"1.724",NA
"blender","1.778",6.84,6,"NA",NA,"6.84",1.77815125038364,"1.778","6.84"
"blimp","1.613",6.63,5,"NA",NA,"6.63",1.61278385671974,"1.613","6.63"
"block","3.12",4.79,4,"NA",NA,"4.79",3.12024479554637,"3.12","4.79"
"blueberry","1.9490000000000001",6.22,7,"NA",NA,"6.22",1.94939000664491,"1.9490000000000001","6.22"
"bluejay","0.47699999999999998",5.838,5,"NA",NA,"5.8380650000000012",0.477121254719662,"0.47699999999999998","5.838"
"boat","3.1640000000000001",3.84,3,"NA",NA,"3.84",3.16375752398196,"3.1640000000000001","3.84"
"book","3.5110000000000001",3.68,3,"NA",NA,"3.68",3.51121470113639,"3.5110000000000001","3.68"
"boomerang","1.462",9.79,7,"NA",NA,"9.7899999999999991",1.46239799789896,"1.462","9.79"
"boot","2.5739999999999998",3.89,3,"NA",NA,"3.89",2.57403126772772,"2.5739999999999998","3.89"
"bottle","3.194",3.56,4,"NA",NA,"3.56",3.19368102954128,"3.194","3.56"
"bow","2.7850000000000001",4.95,2,"NA",NA,"4.95",2.78532983501077,"2.7850000000000001","4.95"
"bowl","2.8340000000000001",4.26,3,"NA",NA,"4.26",2.83442070368153,"2.8340000000000001","4.26"
"box","3.3719999999999999",4.3,4,"NA",NA,"4.3",3.37180645850742,"3.3719999999999999","4.3"
"bracelet","2.2879999999999998",5.68,7,"NA",NA,"5.68",2.28780172993023,"2.2879999999999998","5.68"
"brain","3.3",5.76,4,"NA",NA,"5.76",3.29994290002277,"3.3","5.76"
"brick","2.4079999999999999",6.43,4,"NA",NA,NA,2.40823996531185,"2.4079999999999999","6.43"
"bricks","2.1760000000000002",6.43,5,"NA",NA,"6.43",2.17609125905568,"2.1760000000000002","6.43"
"bride","2.8050000000000002",5.1,4,"NA",NA,"5.0999999999999996",2.8055008581584,"2.8050000000000002","5.1"
"bridge","3.02",5.58,4,"NA",NA,"5.58",3.01994668167884,"3.02","5.58"
"broccoli","1.839",5.2,7,"NA",NA,"5.2",1.83884909073726,"1.839","5.2"
"broom","2.2549999999999999",5.5,4,"NA",NA,"5.5",2.25527250510331,"2.2549999999999999","5.5"
"bull","2.8239999999999998",4.53,3,"NA",NA,"4.53",2.8234742291703,"2.8239999999999998","4.53"
"bullet","3.0030000000000001",6.7,5,"NA",NA,"6.7",3.00302947055362,"3.0030000000000001","6.7"
"bus","3.1890000000000001",3.85,3,"NA",NA,"3.85",3.18949031369937,"3.1890000000000001","3.85"
"butter","2.8279999999999998",5.78,4,"NA",NA,"5.78",2.82801506422398,"2.8279999999999998","5.78"
"butterfly","2.2719999999999998",3.67,7,"NA",NA,"3.67",2.2718416065365,"2.2719999999999998","3.67"
"button","2.9550000000000001",4.78,4,"NA",NA,"4.78",2.95472479097906,"2.9550000000000001","4.78"
"cabbage","2.0409999999999999",5.78,5,"NA",NA,"5.78",2.04139268515822,"2.0409999999999999","5.78"
"cactus","1.9350000000000001",6.72,6,"NA",NA,"6.72",1.93449845124357,"1.9350000000000001","6.72"
"calculator","1.724",8.22,10,"NA",NA,"8.2200000000000006",1.72427586960079,"1.724","8.22"
"calendar","2.3620000000000001",5.89,7,"NA",NA,"5.89",2.36172783601759,"2.3620000000000001","5.89"
"camel","2.1429999999999998",5.11,4,"NA",NA,"5.1100000000000003",2.1430148002541,"2.1429999999999998","5.11"
"camera","3.1419999999999999",6,5,"NA",NA,"6",3.14238946611884,"3.1419999999999999","6"
"candle","2.4649999999999999",5.37,5,"NA",NA,"5.37",2.46538285144842,"2.4649999999999999","5.37"
"candy","2.956",4,5,"NA",NA,"4",2.95568775031351,"2.956","4"
"cane","2.2120000000000002",5.74,3,"NA",NA,"5.74",2.21218760440396,"2.2120000000000002","5.74"
"cannon","2.4079999999999999",7.9,5,"NA",NA,"7.9",2.40823996531185,"2.4079999999999999","7.9"
"canoe","1.887",6.63,4,"NA",NA,"6.63",1.88649072517248,"1.887","6.63"
"cap","2.7919999999999998",5.53,3,"NA",NA,"5.53",2.79239168949825,"2.7919999999999998","5.53"
"car","3.7120000000000002",3.37,3,"NA",NA,"3.37",3.71222866961954,"3.7120000000000002","3.37"
"carnation","1.4910000000000001",10.21,7,"NA",NA,"10.210000000000001",1.49136169383427,"1.4910000000000001","10.21"
"carousel","1.708",6.68,7,"NA",NA,"6.68",1.70757017609794,"1.708","6.68"
"carrot","2.093",2.74,5,"NA",NA,"2.74",2.09342168516224,"2.093","2.74"
"cart","2.5129999999999999",6.16,4,"NA",NA,"6.16",2.51321760006794,"2.5129999999999999","6.16"
"castle","2.5830000000000002",5.8,4,"NA",NA,"5.8",2.58319877396862,"2.5830000000000002","5.8"
"cat","3.1419999999999999",3.68,3,"NA",NA,"3.68",3.14207646107328,"3.1419999999999999","3.68"
"cathedral","2",10.58,8,"NA",NA,"10.58",2,"2","10.58"
"cauliflower","1.38",6.18,8,"NA",NA,"6.18",1.38021124171161,"1.38","6.18"
"celery","1.806",5.78,6,"NA",NA,"5.78",1.80617997398389,"1.806","5.78"
"centipede","1.1759999999999999",7.39,8,"NA",NA,"7.39",1.17609125905568,"1.1759999999999999","7.39"
"chain","2.8690000000000002",5.22,3,"NA",NA,"5.22",2.86923171973098,"2.8690000000000002","5.22"
"chair","3.1920000000000002",3.43,3,"NA",NA,"3.43",3.1914510144649,"3.1920000000000002","3.43"
"chalk","2.1579999999999999",4.47,3,"NA",NA,"4.47",2.15836249209525,"2.1579999999999999","4.47"
"chard","0.77800000000000002",14,4,"NA",NA,"14",0.778151250383644,"0.77800000000000002","14"
"cheese","3.0539999999999998",4.33,3,"NA",NA,"4.33",3.05346260492546,"3.0539999999999998","4.33"
"cheetah","1.544",8.16,4,"NA",NA,"8.16",1.54406804435028,"1.544","8.16"
"cherries","1.903",5.58,5,"NA",NA,NA,1.90308998699194,"1.903","5.58"
"cherry","2.5779999999999998",5.58,4,"NA",NA,"5.58",2.57749179983723,"2.5779999999999998","5.58"
"chestnut","1.708",6.55,6,"NA",NA,"6.55",1.70757017609794,"1.708","6.55"
"chicken","3.1960000000000002",3.26,5,"NA",NA,"3.26",3.19617618503997,"3.1960000000000002","3.26"
"chimney","2.1459999999999999",6.58,5,"NA",NA,"6.58",2.14612803567824,"2.1459999999999999","6.58"
"chopsticks","1.8260000000000001",NA,8,"NA",NA,"7.8544530000000004",1.82607480270083,"1.8260000000000001","7.8544530000000004"
"church","3.1269999999999998",5.15,3,"NA",NA,"5.15",3.1274287778516,"3.1269999999999998","5.15"
"cigar","2.589",7.67,5,"NA",NA,"7.67",2.58883172559421,"2.589","7.67"
"cigarette","2.9350000000000001",6.39,7,"NA",NA,"6.39",2.93500315145365,"2.9350000000000001","6.39"
"city","3.5209999999999999",6.56,4,"NA",NA,"6.56",3.52139962811538,"3.5209999999999999","6.56"
"clipboard","1.431",7.76,8,"NA",NA,"7.76",1.43136376415899,"1.431","7.76"
"clock","3.2149999999999999",4.42,4,"NA",NA,"4.42",3.2148438480477,"3.2149999999999999","4.42"
"clog","1.462",9.39,4,"NA",NA,"9.39",1.46239799789896,"1.462","9.39"
"clothespin","0.95399999999999996",7.83,7,"NA",NA,"7.83",0.954242509439325,"0.95399999999999996","7.83"
"cloud","2.59",3.63,4,"NA",NA,"3.63",2.58994960132571,"2.59","3.63"
"coat","3.105",3.58,3,"NA",NA,"3.58",3.10482840365366,"3.105","3.58"
"coconut","2.149",6.5,7,"NA",NA,"6.5",2.14921911265538,"2.149","6.5"
"comb","2.3460000000000001",5.5,3,"NA",NA,"5.5",2.34635297445064,"2.3460000000000001","5.5"
"compass","2.097",8.44,6,"NA",NA,"8.44",2.09691001300806,"2.097","8.44"
"compasses","0.77800000000000002",NA,8,"NA",NA,NA,0.778151250383644,"0.77800000000000002",NA
"condom","2.2480000000000002",12,6,"NA",NA,"12",2.24797326636181,"2.2480000000000002","12"
"cookie","2.6520000000000001",3.37,4,"NA",NA,"3.37",2.65224634100332,"2.6520000000000001","3.37"
"cork","2.0680000000000001",9.05,4,"NA",NA,"9.0500000000000007",2.06818586174616,"2.0680000000000001","9.05"
"corkscrew","1.653",7.78,8,"NA",NA,"7.78",1.65321251377534,"1.653","7.78"
"couch","2.899",3.74,3,"NA",NA,"3.74",2.8992731873176,"2.899","3.74"
"cow","2.863",3.94,2,"NA",NA,"3.94",2.86272752831797,"2.863","3.94"
"crab","2.2759999999999998",5.28,4,"NA",NA,"5.28",2.27646180417324,"2.2759999999999998","5.28"
"cracker","2.3079999999999998",4.9,5,"NA",NA,NA,2.30749603791321,"2.3079999999999998","4.9"
"crackers","2.2360000000000002",4.9,6,"NA",NA,"4.9000000000000004",2.23552844690755,"2.2360000000000002","4.9"
"crayon","1.3220000000000001",3.2,5,"NA",NA,"3.2",1.32221929473392,"1.3220000000000001","3.2"
"crib","2.3279999999999998",6.05,4,"NA",NA,"6.05",2.32837960343874,"2.3279999999999998","6.05"
"crocodile","1.851",5.11,8,"NA",NA,"5.1100000000000003",1.85125834871908,"1.851","5.11"
"croissant","1.591",10.15,7,"NA",NA,"10.15",1.5910646070265,"1.591","10.15"
"cross","3.2309999999999999",4.74,4,"NA",NA,"4.74",3.23070431361257,"3.2309999999999999","4.74"
"crown","2.5609999999999999",7.8,4,"NA",NA,"7.8",2.56110138364906,"2.5609999999999999","7.8"
"cucumber","1.863",5.72,8,"NA",NA,"5.72",1.86332286012046,"1.863","5.72"
"cufflinks","1.1140000000000001",9.84,8,"NA",NA,NA,1.11394335230684,"1.1140000000000001","9.84"
"cup","3.1949999999999998",3.57,3,"NA",NA,"3.57",3.19506899646859,"3.1949999999999998","3.57"
"cupcake","2.004",4.11,6,"NA",NA,"4.1100000000000003",2.00432137378264,"2.004","4.11"
"curtain","2.5209999999999999",4.95,4,"NA",NA,NA,2.52113808370404,"2.5209999999999999","4.95"
"cymbals","1.2549999999999999",NA,6,"NA",NA,"8.1293199999999999",1.25527250510331,"1.2549999999999999","8.1293199999999999"
"daisy","2.2530000000000001",5.55,4,"NA",NA,"5.5503260000000001",2.25285303097989,"2.2530000000000001","5.55"
"dalmatian","1.3009999999999999",6.06,7,"NA",NA,"6.06",1.30102999566398,"1.3009999999999999","6.06"
"dart","1.857",7.38,4,"NA",NA,"7.38",1.85733249643127,"1.857","7.38"
"dartboard","0.77800000000000002",8.44,8,"NA",NA,"8.44",0.778151250383644,"0.77800000000000002","8.44"
"deer","2.391",5.17,3,"NA",NA,"5.17",2.39093510710338,"2.391","5.17"
"dentist","2.4700000000000002",5.22,7,"NA",NA,"5.22",2.46982201597816,"2.4700000000000002","5.22"
"deodorant","1.869",8.83,8,"NA",NA,"8.83",1.86923171973098,"1.869","8.83"
"diamond","2.6760000000000002",6.47,6,"NA",NA,"6.47",2.67577834167409,"2.6760000000000002","6.47"
"diaper","2.2069999999999999",3.4,4,"NA",NA,"3.4",2.20682587603185,"2.2069999999999999","3.4"
"dice","2.4710000000000001",6.37,3,"NA",NA,"6.37",2.47129171105894,"2.4710000000000001","6.37"
"doghouse","1.6719999999999999",6.74,6,"NA",NA,"6.74",1.67209785793572,"1.6719999999999999","6.74"
"doll","2.8119999999999998",3.68,3,"NA",NA,"3.68",2.81224469680037,"2.8119999999999998","3.68"
"dolphin","1.863",6.05,6,"NA",NA,"6.05",1.86332286012046,"1.863","6.05"
"donkey","2.2120000000000002",6,5,"NA",NA,"6",2.21218760440396,"2.2120000000000002","6"
"doughnut","2.2120000000000002",5.42,5,"NA",NA,"5.42",2.21218760440396,"2.2120000000000002","5.42"
"dragonfly","1.716",6.8,9,"NA",NA,"6.8",1.7160033436348,"1.716","6.8"
"drawer","2.6659999999999999",5.37,4,"NA",NA,"5.37",2.66558099101795,"2.6659999999999999","5.37"
"dress","3.34",4.05,4,"NA",NA,"4.05",3.33984878303764,"3.34","4.05"
"dresser","2.2040000000000002",4.28,5,"NA",NA,"4.28",2.20411998265592,"2.2040000000000002","4.28"
"drill","2.669",7.14,4,"NA",NA,"7.14",2.66931688056611,"2.669","7.14"
"dropper","0.95399999999999996",8.56,5,"NA",NA,"8.56",0.954242509439325,"0.95399999999999996","8.56"
"drum","2.4329999999999998",4.63,4,"NA",NA,"4.63",2.43296929087441,"2.4329999999999998","4.63"
"drumsticks","1.1759999999999999",NA,9,"NA",NA,NA,1.17609125905568,"1.1759999999999999",NA
"duck","2.8479999999999999",3.5,3,"NA",NA,"3.5",2.84757265914211,"2.8479999999999999","3.5"
"dustpan","1.0409999999999999",6.47,6,"NA",NA,"6.47",1.04139268515823,"1.0409999999999999","6.47"
"eagle","2.4470000000000001",5.83,3,"NA",NA,"5.83",2.44715803134222,"2.4470000000000001","5.83"
"ear","3.044",3.63,2,"NA",NA,"3.63",3.04414762087872,"3.044","3.63"
"earring","1.982",7.17,5,"NA",NA,"7.17",1.98227123303957,"1.982","7.17"
"earrings","2.2949999999999999",7.17,6,"NA",NA,NA,2.29446622616159,"2.2949999999999999","7.17"
"egg","2.8610000000000002",3.89,2,"NA",NA,"3.89",2.86153441085904,"2.8610000000000002","3.89"
"eggplant","1.623",8.3,7,"NA",NA,"8.3000000000000007",1.6232492903979,"1.623","8.3"
"elbow","2.3980000000000001",4.78,4,"NA",NA,"4.78",2.39794000867204,"2.3980000000000001","4.78"
"elephant","2.4980000000000002",4.8,7,"NA",NA,"4.8",2.4983105537896,"2.4980000000000002","4.8"
"envelope","2.5139999999999998",6.25,7,"NA",NA,"6.25",2.51454775266029,"2.5139999999999998","6.25"
"eraser","1.462",4.95,5,"NA",NA,"4.95",1.46239799789896,"1.462","4.95"
"escalator","1.69",7.11,8,"NA",NA,"7.11",1.69019608002851,"1.69","7.11"
"eye","3.5070000000000001",3.75,1,"NA",NA,"3.75",3.50745106090197,"3.5070000000000001","3.75"
"fan","3.0409999999999999",5.63,3,"NA",NA,"5.63",3.04060234011407,"3.0409999999999999","5.63"
"feather","2.3650000000000002",4.67,4,"NA",NA,"4.67",2.3654879848909,"2.3650000000000002","4.67"
"fence","2.7429999999999999",6.28,4,"NA",NA,"6.28",2.7427251313047,"2.7429999999999999","6.28"
"fig","1.663",8.06,3,"NA",NA,"8.06",1.66275783168157,"1.663","8.06"
"finger","3.11",3.43,5,"NA",NA,"3.43",3.10991586302379,"3.11","3.43"
"fingerprint","2.0449999999999999",7.56,10,"NA",NA,"7.56",2.04532297878666,"2.0449999999999999","7.56"
"fireplace","2.2789999999999999",7.37,7,"NA",NA,"7.37",2.27875360095283,"2.2789999999999999","7.37"
"fish","3.2330000000000001",4.05,3,"NA",NA,"4.05",3.23274206272074,"3.2330000000000001","4.05"
"flag","2.6970000000000001",5.33,4,"NA",NA,"5.33",2.69722934275972,"2.6970000000000001","5.33"
"flamingo","1.6020000000000001",6.32,8,"NA",NA,"6.32",1.60205999132796,"1.6020000000000001","6.32"
"flashlight","2.3239999999999998",5.61,7,"NA",NA,"5.61",2.32428245529769,"2.3239999999999998","5.61"
"floor","3.4369999999999998",4.44,4,"NA",NA,"4.4400000000000004",3.43663963169266,"3.4369999999999998","4.44"
"fly","3.3260000000000001",3.05,3,"NA",NA,"3.05",3.32592595577147,"3.3260000000000001","3.05"
"flyswatter","0.47699999999999998",5.79,8,"NA",NA,"5.79",0.477121254719662,"0.47699999999999998","5.79"
"folder","1.792",8.21,5,"NA",NA,"8.2100000000000009",1.79239168949825,"1.792","8.21"
"fondue","1.431",10.78,5,"NA",NA,"10.78",1.43136376415899,"1.431","10.78"
"football","2.907",4.84,6,"NA",NA,"4.84",2.90687353472207,"2.907","4.84"
"fork","2.5009999999999999",3.63,4,"NA",NA,"3.63",2.50105926221775,"2.5009999999999999","3.63"
"fountain","2.3769999999999998",7.17,5,"NA",NA,"7.17",2.37657695705651,"2.3769999999999998","7.17"
"fox","2.613",5.017,4,"NA",NA,"5.0174760000000003",2.61278385671974,"2.613","5.017"
"fridge","2.5939999999999999",4.67,4,"NA",NA,"4.67",2.59439255037543,"2.5939999999999999","4.67"
"frisbee","1.7709999999999999",5.5,6,"NA",NA,"5.5",1.77085201164214,"1.7709999999999999","5.5"
"fritter","1.1759999999999999",13,5,"NA",NA,"13",1.17609125905568,"1.1759999999999999","13"
"funnel","1.6719999999999999",8.44,4,"NA",NA,"8.44",1.67209785793572,"1.6719999999999999","8.44"
"garlic","2.286",6.89,6,"NA",NA,"6.89",2.28555730900777,"2.286","6.89"
"gate","2.956",5.32,3,"NA",NA,"5.32",2.95568775031351,"2.956","5.32"
"gazebo","1.4770000000000001",9.76,6,"NA",NA,"9.76",1.47712125471966,"1.4770000000000001","9.76"
"ginger","2.31",8.05,5,"NA",NA,"8.0500000000000007",2.3096301674259,"2.31","8.05"
"glasses","3.004",4.346,6,"NA",NA,"4.3460850000000004",3.00389116623691,"3.004","4.346"
"globe","2.3199999999999998",6.5,4,"NA",NA,"6.5",2.32014628611105,"2.3199999999999998","6.5"
"gorilla","2.1960000000000002",5.74,6,"NA",NA,"5.74",2.19589965240923,"2.1960000000000002","5.74"
"grapes","2.1139999999999999",3.94,5,"NA",NA,NA,2.11394335230684,"2.1139999999999999","3.94"
"grasshopper","1.5680000000000001",5.78,8,"NA",NA,"5.78",1.568201724067,"1.5680000000000001","5.78"
"grenade","2.19",9.72,6,"NA",NA,"9.7200000000000006",2.19033169817029,"2.19","9.72"
"grill","2.2599999999999998",6.53,4,"NA",NA,"6.53",2.26007138798507,"2.2599999999999998","6.53"
"guitar","2.5339999999999998",5.32,5,"NA",NA,"5.32",2.53402610605613,"2.5339999999999998","5.32"
"gun","3.4740000000000002",5.58,3,"NA",NA,"5.58",3.47377883464672,"3.4740000000000002","5.58"
"hammer","2.5979999999999999",5.42,4,"NA",NA,"5.42",2.59769518592551,"2.5979999999999999","5.42"
"hammock","1.623",7.11,5,"NA",NA,"7.11",1.6232492903979,"1.623","7.11"
"hand","3.7450000000000001",2.74,4,"NA",NA,"2.74",3.74530905994083,"3.7450000000000001","2.74"
"handcuffs","2.34",6.28,8,"NA",NA,"6.28",2.34044411484012,"2.34","6.28"
"hanger","1.74",6.78,4,"NA",NA,"6.78",1.74036268949424,"1.74","6.78"
"harmonica","1.653",7.32,9,"NA",NA,"7.32",1.65321251377534,"1.653","7.32"
"harp","1.9139999999999999",7.55,4,"NA",NA,"7.55",1.91381385238372,"1.9139999999999999","7.55"
"hat","3.238",3.33,3,"NA",NA,"3.33",3.23779499327392,"3.238","3.33"
"headphones","1.806",7.74,7,"NA",NA,"7.74",1.80617997398389,"1.806","7.74"
"helicopter","2.6539999999999999",5.26,9,"NA",NA,"5.26",2.65417654187796,"2.6539999999999999","5.26"
"helmet","2.4830000000000001",5.71,6,"NA",NA,"5.71",2.48287358360875,"2.4830000000000001","5.71"
"hen","2.0329999999999999",6.39,3,"NA",NA,"6.39",2.03342375548695,"2.0329999999999999","6.39"
"hinge","1.4470000000000001",7.95,4,"NA",NA,"7.95",1.44715803134222,"1.4470000000000001","7.95"
"hippopotamus","1.2789999999999999",7,11,"NA",NA,"7",1.27875360095283,"1.2789999999999999","7"
"hoe","1.462",8.72,2,"NA",NA,"8.7200000000000006",1.46239799789896,"1.462","8.72"
"horse","3.198",4.15,4,"NA",NA,"4.1500000000000004",3.1981069988734,"3.198","4.15"
"horseshoe","1.613",5.85,6,"NA",NA,"5.85",1.61278385671974,"1.613","5.85"
"house","3.7810000000000001",3.16,3,"NA",NA,"3.16",3.78110883572947,"3.7810000000000001","3.16"
"hummingbird","1.38",6.95,8,"NA",NA,"6.95",1.38021124171161,"1.38","6.95"
"iceberg","1.909",8.21,5,"NA",NA,"8.2100000000000009",1.90848501887865,"1.909","8.21"
"icecube","#",NA,6,"NA",NA,NA,NA,"#",NA
"icepack","#",6.89,5,"NA",NA,"6.89",NA,"#","6.89"
"igloo","1.1759999999999999",5.42,4,"NA",NA,"5.42",1.17609125905568,"1.1759999999999999","5.42"
"iron","2.7949999999999999",7.32,3,"NA",NA,"7.32",2.79448804665917,"2.7949999999999999","7.32"
"island","2.8359999999999999",7.41,5,"NA",NA,"7.41",2.83569057149243,"2.8359999999999999","7.41"
"jacket","2.988",3.95,5,"NA",NA,"3.95",2.98766626492627,"2.988","3.95"
"jar","2.4740000000000002",5.44,3,"NA",NA,"5.44",2.47421626407626,"2.4740000000000002","5.44"
"jeans","2.387",5.26,4,"NA",NA,"5.26",2.38738982633873,"2.387","5.26"
"jeep","2.38",6.32,3,"NA",NA,"6.32",2.38021124171161,"2.38","6.32"
"jellyfish","1.613",6.61,7,"NA",NA,"6.61",1.61278385671974,"1.613","6.61"
"kangaroo","1.778",5.55,7,"NA",NA,"5.55",1.77815125038364,"1.778","5.55"
"key","3.3359999999999999",3.58,2,"NA",NA,"3.58",3.3356584522893,"3.3359999999999999","3.58"
"keyboard","1.8260000000000001",9.32,6,"NA",NA,"9.32",1.82607480270083,"1.8260000000000001","9.32"
"keys","3.1549999999999998",3.58,3,"NA",NA,NA,3.15472820744016,"3.1549999999999998","3.58"
"kite","1.887",4.58,3,"NA",NA,"4.58",1.88649072517248,"1.887","4.58"
"kiwi","1.38",7.56,4,"NA",NA,"7.56",1.38021124171161,"1.38","7.56"
"knee","2.7280000000000002",4.42,2,"NA",NA,"4.42",2.72754125702856,"2.7280000000000002","4.42"
"knife","3.0990000000000002",4.15,3,"NA",NA,"4.1500000000000004",3.09898963940118,"3.0990000000000002","4.15"
"ladder","2.4969999999999999",4.399,4,"NA",NA,"4.3993700000000002",2.49692964807321,"2.4969999999999999","4.399"
"ladle","1.4470000000000001",9.83,4,"NA",NA,"9.83",1.44715803134222,"1.4470000000000001","9.83"
"ladybird","0.84499999999999997",10.53,7,"NA",NA,"10.53",0.845098040014257,"0.84499999999999997","10.53"
"ladybug","1.1459999999999999",4.84,7,"NA",NA,"4.84",1.14612803567824,"1.1459999999999999","4.84"
"lamp","2.5859999999999999",4,4,"NA",NA,"4",2.5854607295085,"2.5859999999999999","4"
"leaf","2.3380000000000001",4.6,3,"NA",NA,"4.5999999999999996",2.3384564936046,"2.3380000000000001","4.6"
"lettuce","2.093",4.28,5,"NA",NA,"4.28",2.09342168516224,"2.093","4.28"
"level","3.202",6,4,"NA",NA,"6",3.20167017964658,"3.202","6"
"lightbulb","#",5.89,7,"NA",NA,"5.89",NA,"#","5.89"
"lighter","2.5529999999999999",7.117,4,"NA",NA,"7.1169050000000009",2.55266821611219,"2.5529999999999999","7.117"
"lighthouse","1.819",6.11,6,"NA",NA,"6.11",1.81954393554187,"1.819","6.11"
"lime","2.093",6.61,3,"NA",NA,"6.61",2.09342168516224,"2.093","6.61"
"lion","2.5169999999999999",4.42,4,"NA",NA,"4.42",2.51719589794997,"2.5169999999999999","4.42"
"lips","3.0249999999999999",3.79,4,"NA",NA,"3.79",3.02489596010748,"3.0249999999999999","3.79"
"lipstick","2.5209999999999999",5.42,7,"NA",NA,"5.42",2.52113808370404,"2.5209999999999999","5.42"
"lizard","2.0640000000000001",5.42,5,"NA",NA,"5.42",2.06445798922692,"2.0640000000000001","5.42"
"llama","1.4470000000000001",8.61,4,"NA",NA,"8.61",1.44715803134222,"1.4470000000000001","8.61"
"lobster","2.3050000000000002",7.44,6,"NA",NA,"7.44",2.30535136944662,"2.3050000000000002","7.44"
"lock","3.2709999999999999",5.74,3,"NA",NA,"5.74",3.27114431794908,"3.2709999999999999","5.74"
"locker","2.6920000000000002",8.22,4,"NA",NA,"8.2200000000000006",2.69196510276736,"2.6920000000000002","8.22"
"lollipop","1.792",3.89,7,"NA",NA,"3.89",1.79239168949825,"1.792","3.89"
"ludo","0.47699999999999998",NA,4,"NA",NA,NA,0.477121254719662,"0.47699999999999998",NA
"lynx","0.30099999999999999",10.53,5,"NA",NA,"10.53",0.301029995663981,"0.30099999999999999","10.53"
"magnet","1.978",6.1,6,"NA",NA,"6.1",1.97772360528885,"1.978","6.1"
"marble","2.19",7.05,5,"NA",NA,"7.05",2.19033169817029,"2.19","7.05"
"marker","2.2069999999999999",4.89,5,"NA",NA,"4.8899999999999997",2.20682587603185,"2.2069999999999999","4.89"
"mask","2.6819999999999999",4.8,4,"NA",NA,"4.8",2.68214507637383,"2.6819999999999999","4.8"
"match","3.1930000000000001",5.72,3,"NA",NA,"5.72",3.19256745333655,"3.1930000000000001","5.72"
"mattress","2.3639999999999999",5.1,6,"NA",NA,"5.0999999999999996",2.36361197989214,"2.3639999999999999","5.1"
"medal","2.4729999999999999",6.83,4,"NA",NA,"6.83",2.47275644931721,"2.4729999999999999","6.83"
"microphone","2.2330000000000001",6.25,8,"NA",NA,"6.25",2.23299611039215,"2.2330000000000001","6.25"
"microscope","2.0169999999999999",9.16,9,"NA",NA,"9.16",2.01703333929878,"2.0169999999999999","9.16"
"microwave","2.2200000000000002",7.67,8,"NA",NA,"7.67",2.22010808804005,"2.2200000000000002","7.67"
"mill","2.2829999999999999",8.17,3,"NA",NA,"8.17",2.28330122870355,"2.2829999999999999","8.17"
"mirror","2.9409999999999998",4.89,3,"NA",NA,"4.8899999999999997",2.94051648493257,"2.9409999999999998","4.89"
"mixer","1.6990000000000001",7.05,5,"NA",NA,"7.05",1.69897000433602,"1.6990000000000001","7.05"
"monkey","2.8940000000000001",4.21,5,"NA",NA,"4.21",2.89376176205794,"2.8940000000000001","4.21"
"moon","3.0670000000000002",4.83,3,"NA",NA,"4.83",3.06744284277638,"3.0670000000000002","4.83"
"moose","2.1040000000000001",5.22,3,"NA",NA,"5.22",2.10380372095596,"2.1040000000000001","5.22"
"mop","2.1819999999999999",5.11,3,"NA",NA,"5.1100000000000003",2.18184358794477,"2.1819999999999999","5.11"
"mosquito","1.881",6.1,7,"NA",NA,"6.1",1.88081359228079,"1.881","6.1"
"motorbike","1.544",7.95,7,"NA",NA,"7.95",1.54406804435028,"1.544","7.95"
"motorcycle","2.387",5.05,8,"NA",NA,"5.05",2.38738982633873,"2.387","5.05"
"mountain","2.9470000000000001",6.15,5,"NA",NA,"6.15",2.94743372188705,"2.9470000000000001","6.15"
"mouse","2.6030000000000002",4.94,3,"NA",NA,"4.9400000000000004",2.60314437262018,"2.6030000000000002","4.94"
"mousetrap","1.4470000000000001",6.78,7,"NA",NA,"6.78",1.44715803134222,"1.4470000000000001","6.78"
"mouth","3.48",3.58,3,"NA",NA,"3.58",3.48043814717782,"3.48","3.58"
"mummy","2.2229999999999999",5.47,4,"NA",NA,"5.47",2.22271647114758,"2.2229999999999999","5.47"
"mushroom","1.9239999999999999",6.44,6,"NA",NA,"6.44",1.92427928606188,"1.9239999999999999","6.44"
"mussel","0.95399999999999996",10,4,"NA",NA,"10",0.954242509439325,"0.95399999999999996","10"
"nail","2.8519999999999999",5.42,3,"NA",NA,"5.42",2.85186960072977,"2.8519999999999999","5.42"
"necklace","2.4470000000000001",5,6,"NA",NA,"5",2.44715803134222,"2.4470000000000001","5"
"needle","2.6360000000000001",5.32,4,"NA",NA,"5.32",2.63648789635337,"2.6360000000000001","5.32"
"nose","3.3279999999999998",2.95,3,"NA",NA,"2.95",3.32756326018728,"3.3279999999999998","2.95"
"nut","2.742",5.21,3,"NA",NA,"5.21",2.7419390777292,"2.742","5.21"
"nutcracker","1.5049999999999999",7.24,8,"NA",NA,"7.24",1.50514997831991,"1.5049999999999999","7.24"
"olive","2.2650000000000001",6.68,4,"NA",NA,"6.68",2.26481782300954,"2.2650000000000001","6.68"
"orange","2.8359999999999999",3.26,5,"NA",NA,"3.26",2.83569057149243,"2.8359999999999999","3.26"
"ostrich","1.532",6.42,6,"NA",NA,"6.42",1.53147891704226,"1.532","6.42"
"owl","2.14",6.21,2,"NA",NA,"6.21",2.13987908640124,"2.14","6.21"
"paint","3.0110000000000001",4.45,4,"NA",NA,"4.45",3.0111473607758,"3.0110000000000001","4.45"
"paintbrush","1.23",6.22,8,"NA",NA,"6.22",1.23044892137827,"1.23","6.22"
"painting","2.806",5.26,6,"NA",NA,"5.26",2.80617997398389,"2.806","5.26"
"pan","2.5649999999999999",4.72,3,"NA",NA,"4.72",2.56466606425209,"2.5649999999999999","4.72"
"panda","1.58",5.67,5,"NA",NA,"5.67",1.57978359661681,"1.58","5.67"
"pants","3.2480000000000002",3.227,5,"NA",NA,"3.2271000000000001",3.24821856119007,"3.2480000000000002","3.227"
"paper","3.42",4,4,"NA",NA,"4",3.41946007278607,"3.42","4"
"parachute","2.0830000000000002",7,7,"NA",NA,"7",2.08278537031645,"2.0830000000000002","7"
"parrot","1.982",5.58,5,"NA",NA,"5.58",1.98227123303957,"1.982","5.58"
"pasty","1.4770000000000001",11.17,5,"NA",NA,"11.17",1.47712125471966,"1.4770000000000001","11.17"
"peach","2.3279999999999998",4.21,3,"NA",NA,"4.21",2.32837960343874,"2.3279999999999998","4.21"
"peacock","1.7629999999999999",5.763,5,"NA",NA,"5.7634660000000002",1.76342799356294,"1.7629999999999999","5.763"
"peanut","2.56",5,5,"NA",NA,"5",2.55990662503611,"2.56","5"
"pear","1.653",4,3,"NA",NA,"4",1.65321251377534,"1.653","4"
"peas","2.2149999999999999",3.95,3,"NA",NA,"3.95",2.2148438480477,"2.2149999999999999","3.95"
"pelican","1.591",8.22,7,"NA",NA,"8.2200000000000006",1.5910646070265,"1.591","8.22"
"pen","2.9119999999999999",5.11,3,"NA",NA,"5.1100000000000003",2.91222205653242,"2.9119999999999999","5.11"
"pencil","2.593",4.06,5,"NA",NA,"4.0599999999999996",2.59328606702046,"2.593","4.06"
"pendant","1.462",10.3,7,"NA",NA,"10.3",1.46239799789896,"1.462","10.3"
"penguin","1.7849999999999999",5.68,7,"NA",NA,"5.68",1.78532983501077,"1.7849999999999999","5.68"
"pepper","2.4279999999999999",5.47,4,"NA",NA,"5.47",2.42813479402879,"2.4279999999999999","5.47"
"piano","2.7770000000000001",5.5,5,"NA",NA,"5.5",2.77670118398841,"2.7770000000000001","5.5"
"pie","2.8980000000000001",3.67,2,"NA",NA,"3.67",2.89817648349768,"2.8980000000000001","3.67"
"pig","3.024",3.84,3,"NA",NA,"3.84",3.02407498730743,"3.024","3.84"
"pigeon","2.2599999999999998",6.21,5,"NA",NA,"6.21",2.26007138798507,"2.2599999999999998","6.21"
"piggybank","#",5.508,8,"NA",NA,"5.5076980000000004",NA,"#","5.508"
"pill","2.589",6.06,3,"NA",NA,"6.06",2.58883172559421,"2.589","6.06"
"pillow","2.657",3.47,4,"NA",NA,"3.47",2.6570558528571,"2.657","3.47"
"pincers","0.84499999999999997",NA,6,"NA",NA,NA,0.845098040014257,"0.84499999999999997",NA
"pineapple","1.8979999999999999",6.25,6,"NA",NA,"6.25",1.89762709129044,"1.8979999999999999","6.25"
"pipe","2.8090000000000002",8.17,3,"NA",NA,"8.17",2.80888586735981,"2.8090000000000002","8.17"
"pistachio","1.38",8.74,8,"NA",NA,"8.74",1.38021124171161,"1.38","8.74"
"pitcher","2.0329999999999999",6.42,4,"NA",NA,"6.42",2.03342375548695,"2.0329999999999999","6.42"
"pitchfork","1.462",6.89,7,"NA",NA,"6.89",1.46239799789896,"1.462","6.89"
"pizza","2.9249999999999998",4.67,5,"NA",NA,"4.67",2.92531209149965,"2.9249999999999998","4.67"
"plant","2.92",3.95,5,"NA",NA,"3.95",2.92012332629072,"2.92","3.95"
"plate","2.9670000000000001",3.84,4,"NA",NA,"3.84",2.96661098668193,"2.9670000000000001","3.84"
"platypus","0.60199999999999998",7.71,8,"NA",NA,"7.71",0.602059991327962,"0.60199999999999998","7.71"
"pliers","1.6990000000000001",7,5,"NA",NA,"7",1.69897000433602,"1.6990000000000001","7"
"plum","2.0529999999999999",5.5,4,"NA",NA,"5.5",2.05307844348342,"2.0529999999999999","5.5"
"plunger","1.613",9.63,6,"NA",NA,"9.6300000000000008",1.61278385671974,"1.613","9.63"
"policeman","2.5880000000000001",4.44,8,"NA",NA,"4.4400000000000004",2.58771096501891,"2.5880000000000001","4.44"
"pomegranate","1",11.17,10,"NA",NA,"11.17",1,"1","11.17"
"pool","3.0790000000000002",5.15,3,"NA",NA,"5.15",3.07954300740291,"3.0790000000000002","5.15"
"popcorn","2.4910000000000001",4.17,7,"NA",NA,"4.17",2.49136169383427,"2.4910000000000001","4.17"
"poppy","1.792",10.367,4,"NA",NA,"10.367289999999999",1.79239168949825,"1.792","10.367"
"porcupine","1.3620000000000001",6.89,9,"NA",NA,"6.89",1.36172783601759,"1.3620000000000001","6.89"
"pot","2.883",5.95,3,"NA",NA,"5.95",2.88309335857569,"2.883","5.95"
"potato","2.5870000000000002",4.84,6,"NA",NA,"4.84",2.58658730467176,"2.5870000000000002","4.84"
"priest","2.7189999999999999",7.1,5,"NA",NA,"7.1",2.71850168886727,"2.7189999999999999","7.1"
"printer","1.869",7.61,6,"NA",NA,"7.61",1.86923171973098,"1.869","7.61"
"pumpkin","2.4409999999999998",4.78,7,"NA",NA,"4.78",2.44090908206522,"2.4409999999999998","4.78"
"purse","2.8279999999999998",5.53,3,"NA",NA,"5.53",2.82801506422398,"2.8279999999999998","5.53"
"puzzle","2.3959999999999999",5.11,4,"NA",NA,"5.1100000000000003",2.39619934709574,"2.3959999999999999","5.11"
"pyramid","2",7.61,7,"NA",NA,"7.61",2,"2","7.61"
"rabbit","2.6509999999999998",3.94,5,"NA",NA,"3.94",2.65127801399814,"2.6509999999999998","3.94"
"raccoon","1.708",6.79,5,"NA",NA,"6.79",1.70757017609794,"1.708","6.79"
"radio","3.2109999999999999",5.17,5,"NA",NA,"5.17",3.21085336531489,"3.2109999999999999","5.17"
"radish","1.431",5.25,5,"NA",NA,"5.25",1.43136376415899,"1.431","5.25"
"raisin","1.792",5.05,4,"NA",NA,"5.05",1.79239168949825,"1.792","5.05"
"raisins","1.887",NA,5,"NA",NA,NA,1.88649072517248,"1.887",NA
"rake","1.944",5.32,3,"NA",NA,"5.32",1.94448267215017,"1.944","5.32"
"raven","1.778",8.56,4,"NA",NA,"8.56",1.77815125038364,"1.778","8.56"
"razor","2.403",7.11,4,"NA",NA,"7.11",2.40312052117582,"2.403","7.11"
"refrigerator","2.4980000000000002",4.11,11,"NA",NA,"4.1100000000000003",2.4983105537896,"2.4980000000000002","4.11"
"rhino","1.613",5.89,4,"NA",NA,"5.89",1.61278385671974,"1.613","5.89"
"rhinoceros","1.4770000000000001",6,9,"NA",NA,"6",1.47712125471966,"1.4770000000000001","6"
"ribbon","2.1960000000000002",5.25,5,"NA",NA,"5.25",2.19589965240923,"2.1960000000000002","5.25"
"rice","2.6509999999999998",3.72,3,"NA",NA,"3.72",2.65127801399814,"2.6509999999999998","3.72"
"ring","3.3170000000000002",4.53,3,"NA",NA,"4.53",3.31722734917642,"3.3170000000000002","4.53"
"road","3.4420000000000002",4.55,3,"NA",NA,"4.55",3.44200915914095,"3.4420000000000002","4.55"
"rocket","2.4609999999999999",5.63,5,"NA",NA,"5.63",2.46089784275655,"2.4609999999999999","5.63"
"roof","3.06",5,3,"NA",NA,"5",3.06032002868829,"3.06","5"
"rooster","2.0129999999999999",6.41,5,"NA",NA,"6.41",2.01283722470517,"2.0129999999999999","6.41"
"rope","2.8159999999999998",5.44,3,"NA",NA,"5.44",2.81624129999178,"2.8159999999999998","5.44"
"rose","2.92",6.11,3,"NA",NA,"6.11",2.92012332629072,"2.92","6.11"
"rug","2.5499999999999998",4.61,3,"NA",NA,"4.6100000000000003",2.55022835305509,"2.5499999999999998","4.61"
"ruler","2.1429999999999998",5.94,4,"NA",NA,"5.94",2.1430148002541,"2.1429999999999998","5.94"
"safe","3.5470000000000002",5.11,3,"NA",NA,"5.1100000000000003",3.54691264318124,"3.5470000000000002","5.11"
"sailboat","1.69",4.65,6,"NA",NA,"4.6500000000000004",1.69019608002851,"1.69","4.65"
"salt","2.7879999999999998",5.05,4,"NA",NA,"5.05",2.78746047451842,"2.7879999999999998","5.05"
"saltshaker","0.77800000000000002",5.42,8,"NA",NA,"5.42",0.778151250383644,"0.77800000000000002","5.42"
"sandal","0.95399999999999996",5.21,5,"NA",NA,"5.21",0.954242509439325,"0.95399999999999996","5.21"
"sandcastle","0.69899999999999995",5.42,9,"NA",NA,"5.42",0.698970004336019,"0.69899999999999995","5.42"
"sausage","2.3559999999999999",6.05,5,"NA",NA,"6.05",2.35602585719312,"2.3559999999999999","6.05"
"saw","3.8079999999999998",5.359,2,"NA",NA,"5.3585000000000003",3.80753502806885,"3.8079999999999998","5.359"
"saxophone","1.653",9.1,8,"NA",NA,"9.1",1.65321251377534,"1.653","9.1"
"scale","2.593",8.85,4,"NA",NA,"8.85",2.59328606702046,"2.593","8.85"
"scarf","2.2200000000000002",5.68,5,"NA",NA,"5.68",2.22010808804005,"2.2200000000000002","5.68"
"scissors","2.3180000000000001",4.5,5,"NA",NA,"4.5",2.31806333496276,"2.3180000000000001","4.5"
"scooter","1.8979999999999999",6.68,5,"NA",NA,"6.68",1.89762709129044,"1.8979999999999999","6.68"
"scorpion","1.748",7.84,8,"NA",NA,"7.84",1.7481880270062,"1.748","7.84"
"screw","3.1269999999999998",6.65,4,"NA",NA,"6.65",3.1274287778516,"3.1269999999999998","6.65"
"screwdriver","1.929",6,9,"NA",NA,"6",1.92941892571429,"1.929","6"
"sea","3.1320000000000001",4.74,2,"NA",NA,"4.74",3.13161866434913,"3.1320000000000001","4.74"
"seagull","1.544",5.42,5,"NA",NA,"5.42",1.54406804435028,"1.544","5.42"
"seahorse","0.90300000000000002",5.83,6,"NA",NA,"5.83",0.903089986991944,"0.90300000000000002","5.83"
"seal","2.6749999999999998",5.42,3,"NA",NA,"5.42",2.67486114073781,"2.6749999999999998","5.42"
"seesaw","1.1759999999999999",4.81,4,"NA",NA,"4.8099999999999996",1.17609125905568,"1.1759999999999999","4.81"
"shanty","1.204",13.33,5,"NA",NA,"13.33",1.20411998265592,"1.204","13.33"
"shark","2.4129999999999998",5.47,4,"NA",NA,"5.47",2.41329976408125,"2.4129999999999998","5.47"
"sheep","2.5939999999999999",4.25,3,"NA",NA,"4.25",2.59439255037543,"2.5939999999999999","4.25"
"shield","2.41",6.5,4,"NA",NA,"6.5",2.40993312333129,"2.41","6.5"
"ship","3.0659999999999998",5.33,3,"NA",NA,"5.33",3.06595298031387,"3.0659999999999998","5.33"
"shirt","3.1459999999999999",3.53,3,"NA",NA,"3.53",3.14643813528577,"3.1459999999999999","3.53"
"shoe","2.9510000000000001",2.6,2,"NA",NA,"2.6",2.95133751879592,"2.9510000000000001","2.6"
"shoelace","1.431",4.16,5,"NA",NA,"4.16",1.43136376415899,"1.431","4.16"
"shorts","2.5529999999999999",3.95,5,"NA",NA,"3.95",2.55266821611219,"2.5529999999999999","3.95"
"shovel","2.403",6.28,4,"NA",NA,"6.28",2.40312052117582,"2.403","6.28"
"shower","3.1139999999999999",4.72,3,"NA",NA,"4.72",3.11394335230684,"3.1139999999999999","4.72"
"showerhead","0.90300000000000002",8.05,6,"NA",NA,"8.0500000000000007",0.903089986991944,"0.90300000000000002","8.05"
"shrimp","2.3929999999999998",7.11,5,"NA",NA,"7.11",2.39269695325967,"2.3929999999999998","7.11"
"sink","2.8109999999999999",4.47,4,"NA",NA,"4.47",2.8109042806687,"2.8109999999999999","4.47"
"skate","2.093",5.37,4,"NA",NA,"5.37",2.09342168516224,"2.093","5.37"
"ski","2.3479999999999999",6.68,3,"NA",NA,"6.68",2.34830486304816,"2.3479999999999999","6.68"
"skirt","2.5870000000000002",5.67,4,"NA",NA,"5.67",2.58658730467176,"2.5870000000000002","5.67"
"skis","1.724",6.68,4,"NA",NA,NA,1.72427586960079,"1.724","6.68"
"skittle","0.30099999999999999",NA,5,"NA",NA,"7.07",0.301029995663981,"0.30099999999999999","7.07"
"skunk","2.0329999999999999",5.32,5,"NA",NA,"5.32",2.03342375548695,"2.0329999999999999","5.32"
"skyscraper","1.532",8.26,9,"NA",NA,"8.26",1.53147891704226,"1.532","8.26"
"sled","1.7989999999999999",4.89,4,"NA",NA,"4.8899999999999997",1.79934054945358,"1.7989999999999999","4.89"
"slide","2.7559999999999998",4.79,4,"NA",NA,"4.79",2.75587485567249,"2.7559999999999998","4.79"
"slingshot","1.663",6.53,7,"NA",NA,"6.53",1.66275783168157,"1.663","6.53"
"slipper","1.716",5.26,5,"NA",NA,"5.26",1.7160033436348,"1.716","5.26"
"snake","2.722",5.1,4,"NA",NA,"5.0999999999999996",2.72181061521255,"2.722","5.1"
"snowman","1.724",3.47,6,"NA",NA,"3.47",1.72427586960079,"1.724","3.47"
"snowshoe","0.47699999999999998",7.68,5,"NA",NA,"7.68",0.477121254719662,"0.47699999999999998","7.68"
"soap","2.7130000000000001",3.17,3,"NA",NA,"3.17",2.71264970162721,"2.7130000000000001","3.17"
"sock","2.4809999999999999",2.94,3,"NA",NA,"2.94",2.4814426285023,"2.4809999999999999","2.94"
"sofa","2.3559999999999999",4.5,4,"NA",NA,"4.5",2.35602585719312,"2.3559999999999999","4.5"
"soldier","2.92",6.94,5,"NA",NA,"6.94",2.91960102378411,"2.92","6.94"
"spaghetti","2.29",4.33,7,"NA",NA,"4.33",2.29003461136252,"2.29","4.33"
"spatula","1.5049999999999999",7.32,7,"NA",NA,"7.32",1.50514997831991,"1.5049999999999999","7.32"
"speaker","2.4260000000000002",6.11,5,"NA",NA,"6.11",2.42651126136458,"2.4260000000000002","6.11"
"spear","2.0369999999999999",7.22,4,"NA",NA,"7.22",2.03742649794062,"2.0369999999999999","7.22"
"spider","2.3650000000000002",3.43,5,"NA",NA,"3.43",2.3654879848909,"2.3650000000000002","3.43"
"sponge","2.3580000000000001",5,5,"NA",NA,"5",2.35793484700045,"2.3580000000000001","5"
"spoon","2.4329999999999998",2.5,4,"NA",NA,"2.5",2.43296929087441,"2.4329999999999998","2.5"
"squid","1.881",7.32,5,"NA",NA,"7.32",1.88081359228079,"1.881","7.32"
"squirrel","2.2200000000000002",4.44,7,"NA",NA,"4.4400000000000004",2.22010808804005,"2.2200000000000002","4.44"
"stairs","2.9279999999999999",4.22,5,"NA",NA,"4.22",2.92788341033071,"2.9279999999999999","4.22"
"stapler","1.4910000000000001",5.83,6,"NA",NA,"5.83",1.49136169383427,"1.4910000000000001","5.83"
"staples","1.415",7.18,6,"NA",NA,NA,1.41497334797082,"1.415","7.18"
"starfish","1.3009999999999999",5.76,7,"NA",NA,"5.76",1.30102999566398,"1.3009999999999999","5.76"
"statue","2.5019999999999998",7.55,5,"NA",NA,"7.55",2.50242711998443,"2.5019999999999998","7.55"
"stocking","2.0329999999999999",6.68,6,"NA",NA,"6.68",2.03342375548695,"2.0329999999999999","6.68"
"stove","2.452",4.32,4,"NA",NA,"4.32",2.45178643552429,"2.452","4.32"
"strainer","1.079",9.63,6,"NA",NA,"9.6300000000000008",1.07918124604762,"1.079","9.63"
"straw","2.3929999999999998",4.22,4,"NA",NA,"4.22",2.39269695325967,"2.3929999999999998","4.22"
"strawberry","2.2229999999999999",4.21,8,"NA",NA,"4.21",2.22271647114758,"2.2229999999999999","4.21"
"stroller","1.4470000000000001",7.84,6,"NA",NA,"7.84",1.44715803134222,"1.4470000000000001","7.84"
"submarine","2.149",7.94,8,"NA",NA,"7.94",2.14921911265538,"2.149","7.94"
"suitcase","2.5710000000000002",8.22,6,"NA",NA,"8.2200000000000006",2.5705429398819,"2.5710000000000002","8.22"
"sun","3.2919999999999998",3.4,3,"NA",NA,"3.4",3.29181268746712,"3.2919999999999998","3.4"
"sunglasses","2.137",5.56,9,"NA",NA,"5.56",2.13672056715641,"2.137","5.56"
"surfboard","1.4770000000000001",NA,7,"NA",NA,NA,1.47712125471966,"1.4770000000000001",NA
"sushi","2.161",11.19,4,"NA",NA,"11.19",2.16136800223497,"2.161","11.19"
"swan","2.0329999999999999",6.318,4,"NA",NA,"6.3176300000000012",2.03342375548695,"2.0329999999999999","6.318"
"sweater","2.669",5.22,5,"NA",NA,"5.22",2.66931688056611,"2.669","5.22"
"swing","2.9329999999999998",4.16,4,"NA",NA,"4.16",2.9334872878487,"2.9329999999999998","4.16"
"sword","2.6659999999999999",5.45,4,"NA",NA,"5.45",2.66558099101795,"2.6659999999999999","5.45"
"swordfish","1.3979999999999999",9.33,7,"NA",NA,"9.33",1.39794000867204,"1.3979999999999999","9.33"
"table","3.4609999999999999",4.39,4,"NA",NA,"4.3899999999999997",3.46089784275655,"3.4609999999999999","4.39"
"tambourine","1.518",6.53,8,"NA",NA,"6.53",1.51851393987789,"1.518","6.53"
"tampon","1.462",12.11,6,"NA",NA,"12.11",1.46239799789896,"1.462","12.11"
"tank","2.8290000000000002",7.17,4,"NA",NA,"7.17",2.82930377283102,"2.8290000000000002","7.17"
"tape","3.1720000000000002",4.42,3,"NA",NA,"4.42",3.17172645365323,"3.1720000000000002","4.42"
"teabag","0.47699999999999998",6.67,5,"NA",NA,"6.67",0.477121254719662,"0.47699999999999998","6.67"
"teapot","1.556",6.22,5,"NA",NA,"6.22",1.55630250076729,"1.556","6.22"
"telescope","1.944",6.95,8,"NA",NA,"6.95",1.94448267215017,"1.944","6.95"
"tent","2.649",5.16,4,"NA",NA,"5.16",2.64933485871214,"2.649","5.16"
"thermometer","1.8979999999999999",6.63,8,"NA",NA,"6.63",1.89762709129044,"1.8979999999999999","6.63"
"thermos","1.5680000000000001",8.29,5,"NA",NA,"8.2899999999999991",1.568201724067,"1.5680000000000001","8.29"
"thimble","1.1140000000000001",8.05,5,"NA",NA,"8.0500000000000007",1.11394335230684,"1.1140000000000001","8.05"
"tie","3.17",4.74,2,"NA",NA,"4.74",3.16967443405881,"3.17","4.74"
"tiger","2.645",4,4,"NA",NA,"4",2.64542226934909,"2.645","4"
"tile","1.8979999999999999",6.8,3,"NA",NA,"6.8",1.89762709129044,"1.8979999999999999","6.8"
"tire","2.5840000000000001",6.16,3,"NA",NA,"6.16",2.58433122436753,"2.5840000000000001","6.16"
"toast","3.0430000000000001",4.67,4,"NA",NA,"4.67",3.04336227802113,"3.0430000000000001","4.67"
"toaster","2.0750000000000002",6.72,5,"NA",NA,"6.72",2.07554696139253,"2.0750000000000002","6.72"
"toe","2.5880000000000001",3,2,"NA",NA,"3",2.58771096501891,"2.5880000000000001","3"
"toilet","2.98",3.54,5,"NA",NA,"3.54",2.98000337158375,"2.98","3.54"
"tongs","1.3979999999999999",7.778,4,"NA",NA,"7.7776390000000006",1.39794000867204,"1.3979999999999999","7.778"
"tongue","3.048",4.47,3,"NA",NA,"4.47",3.0484418035504,"3.048","4.47"
"toothpick","1.58",6.83,6,"NA",NA,"6.83",1.57978359661681,"1.58","6.83"
"toucan","0.60199999999999998",8.69,5,"NA",NA,"8.69",0.602059991327962,"0.60199999999999998","8.69"
"tower","2.7330000000000001",6.33,3,"NA",NA,"6.33",2.73319726510657,"2.7330000000000001","6.33"
"tractor","2.0289999999999999",5.5,6,"NA",NA,"5.5",2.02938377768521,"2.0289999999999999","5.5"
"trailer","2.4649999999999999",6.37,5,"NA",NA,"6.37",2.46538285144842,"2.4649999999999999","6.37"
"train","3.246",4,4,"NA",NA,"4",3.24575935596728,"3.246","4"
"trampoline","1.415",6.79,9,"NA",NA,"6.79",1.41497334797082,"1.415","6.79"
"treadmill","1.5680000000000001",11.15,7,"NA",NA,"11.15",1.568201724067,"1.5680000000000001","11.15"
"tree","3.21",3.57,3,"NA",NA,"3.57",3.21031851982623,"3.21","3.57"
"triangle","2.1",4.9,7,"NA",NA,"4.9000000000000004",2.10037054511756,"2.1","4.9"
"tricycle","1.2549999999999999",4.05,7,"NA",NA,"4.05",1.25527250510331,"1.2549999999999999","4.05"
"tripod","1.5049999999999999",9.26,6,"NA",NA,"9.26",1.50514997831991,"1.5049999999999999","9.26"
"trophy","2.3540000000000001",5.55,5,"NA",NA,"5.55",2.3541084391474,"2.3540000000000001","5.55"
"truck","3.1920000000000002",3.79,4,"NA",NA,"3.79",3.19200959265367,"3.1920000000000002","3.79"
"trumpet","2",6.28,7,"NA",NA,"6.28",2,"2","6.28"
"tulip","1.431",7.149,5,"NA",NA,"7.1488760000000005",1.43136376415899,"1.431","7.149"
"turnstile","1.079",13.67,7,"NA",NA,"13.67",1.07918124604762,"1.079","13.67"
"turtle","2.415",4.17,4,"NA",NA,"4.17",2.41497334797082,"2.415","4.17"
"tweezers","1.653",NA,6,"NA",NA,"7.16",1.65321251377534,"1.653","7.16"
"undershirt","1.1759999999999999",5.56,7,"NA",NA,"5.56",1.17609125905568,"1.1759999999999999","5.56"
"unicorn","1.58",4.83,8,"NA",NA,"4.83",1.57978359661681,"1.58","4.83"
"urinal","1.5680000000000001",8.47,6,"NA",NA,"8.4700000000000006",1.568201724067,"1.5680000000000001","8.47"
"vacuum","2.3199999999999998",6.74,6,"NA",NA,"6.74",2.32014628611105,"2.3199999999999998","6.74"
"van","2.9620000000000002",5.199,3,"NA",NA,"5.198645",2.96189547366785,"2.9620000000000002","5.199"
"vase","2.0859999999999999",7.89,3,"NA",NA,"7.89",2.08635983067475,"2.0859999999999999","7.89"
"violin","2.09",7.45,6,"NA",NA,"7.45",2.0899051114394,"2.09","7.45"
"volcano","2.0369999999999999",6.74,7,"NA",NA,"6.74",2.03742649794062,"2.0369999999999999","6.74"
"volleyball","1.708",7.05,7,"NA",NA,"7.05",1.70757017609794,"1.708","7.05"
"vulture","1.8129999999999999",8.89,5,"NA",NA,"8.89",1.81291335664286,"1.8129999999999999","8.89"
"waffle","1.857",5.32,4,"NA",NA,"5.32",1.85733249643127,"1.857","5.32"
"waiter","2.6379999999999999",8.28,4,"NA",NA,"8.2799999999999994",2.63748972951251,"2.6379999999999999","8.28"
"wallet","2.839",5.89,5,"NA",NA,"5.89",2.83884909073726,"2.839","5.89"
"walnut","1.7709999999999999",6.16,6,"NA",NA,"6.16",1.77085201164214,"1.7709999999999999","6.16"
"walrus","1.613",5.06,6,"NA",NA,"5.0599999999999996",1.61278385671974,"1.613","5.06"
"wasp","1.643",5.58,4,"NA",NA,"5.58",1.64345267648619,"1.643","5.58"
"watch","3.77",4.33,3,"NA",NA,"4.33",3.76959884838745,"3.77","4.33"
"waterfall","1.833",5.47,7,"NA",NA,"5.47",1.83250891270624,"1.833","5.47"
"watermelon","1.839",4.22,9,"NA",NA,"4.22",1.83884909073726,"1.839","4.22"
"wave","2.8330000000000002",4.26,3,"NA",NA,"4.26",2.83314711191279,"2.8330000000000002","4.26"
"well","3.911",6.158,3,"NA",NA,"6.1577750000000009",3.91099771631064,"3.911","6.158"
"wheat","2.31",6.53,4,"NA",NA,"6.53",2.3096301674259,"2.31","6.53"
"wheel","2.93",4.4,4,"NA",NA,"4.4000000000000004",2.9304395947667,"2.93","4.4"
"wheelbarrow","1.38",6.78,8,"NA",NA,"6.78",1.38021124171161,"1.38","6.78"
"wheelchair","2.3370000000000002",6.89,7,"NA",NA,"6.89",2.33645973384853,"2.3370000000000002","6.89"
"whisk","1.4770000000000001",8.72,5,"NA",NA,"8.7200000000000006",1.47712125471966,"1.4770000000000001","8.72"
"window","3.3879999999999999",4.74,5,"NA",NA,"4.74",3.38792346697344,"3.3879999999999999","4.74"
"wine","3.1819999999999999",7.9,3,"NA",NA,"7.9",3.18155777386279,"3.1819999999999999","7.9"
"wolf","2.5760000000000001",4.5,4,"NA",NA,"4.5",2.57634135020579,"2.5760000000000001","4.5"
"worm","2.4350000000000001",3.89,3,"NA",NA,"3.89",2.4345689040342,"2.4350000000000001","3.89"
"wrench","2.1070000000000002",7.84,4,"NA",NA,"7.84",2.10720996964787,"2.1070000000000002","7.84"
"xylophone","0.90300000000000002",7.11,7,"NA",NA,"7.11",0.903089986991944,"0.90300000000000002","7.11"
"zebra","1.7709999999999999",4.79,5,"NA",NA,"4.79",1.77085201164214,"1.7709999999999999","4.79"
"zipper","2.0750000000000002",5,4,"NA",NA,"5",2.07554696139253,"2.0750000000000002","5"
"zucchini","1.3420000000000001",6.79,6,"NA",NA,"6.79",1.34242268082221,"1.3420000000000001","6.79"
"accordion","1.6719999999999999",8.61,8,"NA",NA,"8.61",1.67209785793572,"1.6719999999999999","8.61"
"chest","3.0710000000000002",5.05,4,"NA",NA,"5.05",3.07114529045108,"3.0710000000000002","5.05"
"flower","2.7989999999999999",3.11,4,"NA",NA,"3.11",2.79934054945358,"2.7989999999999999","3.11"
"giraffe","1.7629999999999999",5,5,"NA",NA,"5",1.76342799356294,"1.7629999999999999","5"
"lemon","2.5379999999999998",4.74,5,"NA",NA,"4.74",2.53781909507327,"2.5379999999999998","4.74"
"mailbox","2.2010000000000001",6.11,7,"NA",NA,"6.11",2.20139712432045,"2.2010000000000001","6.11"
"onion","2.1850000000000001",6.05,5,"NA",NA,"6.05",2.1846914308176,"2.1850000000000001","6.05"
"skateboard","1.7849999999999999",6.94,8,"NA",NA,"6.94",1.78532983501077,"1.7849999999999999","6.94"
"stool","2.1960000000000002",6.21,4,"NA",NA,"6.21",2.19589965240923,"2.1960000000000002","6.21"
"tomato","2.31",4.61,6,"NA",NA,"4.6100000000000003",2.3096301674259,"2.31","4.61"
"toothbrush","2.286",4.33,7,"NA",NA,"4.33",2.28555730900777,"2.286","4.33"
"umbrella","2.3220000000000001",5.68,7,"NA",NA,"5.68",2.32221929473392,"2.3220000000000001","5.68"
"windmill","1.6020000000000001",5.32,7,"NA",NA,"5.32",1.60205999132796,"1.6020000000000001","5.32"
"airhockeytable",NA,NA,10,"WSE",NA,NA,NA,NA,NA
"badmintonracket",NA,NA,14,"AH",NA,NA,NA,NA,NA
"bagel",NA,NA,5,"AH",NA,"8.9",1.9731278535997,"1.9731278535997","8.9"
"bandaid",NA,NA,6,"AH",NA,"4.6018530000000011",NA,NA,"4.6018530000000011"
"baseballbat",NA,NA,9,"AH",NA,NA,NA,NA,NA
"bedsidetable",NA,NA,10,"AH",NA,NA,NA,NA,NA
"beerbottle",NA,NA,7,"AH",NA,NA,NA,NA,NA
"birdfeeder",NA,NA,7,"AH",NA,NA,NA,NA,NA
"birdhouse",NA,NA,6,"AH",NA,"5.43",1.07918124604762,"1.07918124604762","5.43"
"birdsnest",NA,NA,8,"AH",NA,NA,NA,NA,NA
"bottlecap",NA,NA,7,"AH",NA,NA,NA,NA,NA
"bowlingball",NA,NA,8,"AH",NA,NA,NA,NA,NA
"bowlingpin",NA,NA,8,"AH",NA,NA,NA,NA,NA
"bowtie",NA,NA,4,"AH",NA,"7.94",0.845098040014257,"0.845098040014257","7.94"
"boxingglove",NA,NA,10,"AH",NA,NA,NA,NA,NA
"boxinggloves",NA,NA,11,"AH",NA,"7.8309240000000013",NA,NA,"7.8309240000000013"
"brassknuckles",NA,NA,9,"AH",NA,NA,NA,NA,NA
"brownsugar",NA,NA,8,"AH",NA,NA,NA,NA,NA
"bumpercar",NA,NA,8,"AH",NA,NA,NA,NA,NA
"candycane",NA,NA,8,"AH",NA,NA,NA,NA,NA
"canopener",NA,NA,8,"AH",NA,"6.9570500000000006",NA,NA,"6.9570500000000006"
"cashregister",NA,NA,10,"AH",NA,NA,NA,NA,NA
"ceilingfan",NA,NA,8,"AH",NA,NA,NA,NA,NA
"cellphone",NA,NA,6,"AH",NA,"14.669556",2.00432137378264,"2.00432137378264","14.669556"
"chainsaw",NA,NA,5,"AH",NA,"7",1.49136169383427,"1.49136169383427","7"
"chefshat",NA,NA,7,"AH",NA,NA,NA,NA,NA
"chorizo",NA,NA,6,"AH",NA,"13.46",0.698970004336019,"0.698970004336019","13.46"
"christmaslights",NA,NA,11,"AH",NA,NA,NA,NA,NA
"christmastree",NA,NA,10,"AH",NA,"4.1436020000000005",NA,NA,"4.1436020000000005"
"coffeebeans",NA,NA,8,"AH",NA,NA,NA,NA,NA
"coffeemachine",NA,NA,9,"AH",NA,NA,NA,NA,NA
"cookiecutter",NA,NA,8,"AH",NA,NA,NA,NA,NA
"cruiseship",NA,NA,7,"AH",NA,NA,NA,NA,NA
"discoball",NA,NA,8,"AH",NA,NA,NA,NA,NA
"dreamcatcher",NA,NA,8,"AH",NA,NA,NA,NA,NA
"ducttape",NA,NA,7,"AH",NA,NA,NA,NA,NA
"eiffeltower",NA,NA,7,"AH",NA,NA,NA,NA,NA
"exitsign",NA,NA,8,"AH",NA,NA,NA,NA,NA
"eyepatch",NA,NA,4,"AH",NA,NA,NA,NA,NA
"felttippen",NA,NA,10,"AH",NA,NA,NA,NA,NA
"fillingcabinet",NA,NA,12,"AH",NA,NA,NA,NA,NA
"firehydrant",NA,NA,10,"AH",NA,"5.3585000000000003",NA,NA,"5.3585000000000003"
"firetruck",NA,NA,7,"AH",NA,"3.6853510000000003",0.301029995663981,"0.301029995663981","3.6853510000000003"
"fishingpole",NA,NA,8,"AH",NA,"6.1790890000000003",NA,NA,"6.1790890000000003"
"fishingrod",NA,NA,8,"AH",NA,"7.6390980000000006",NA,NA,"7.6390980000000006"
"fishtank",NA,NA,7,"AH",NA,"5.9446350000000008",NA,NA,"5.9446350000000008"
"footballhelmet",NA,NA,12,"AH",NA,NA,NA,NA,NA
"fortunecookie",NA,NA,10,"AH",NA,NA,NA,NA,NA
"fountainpen",NA,NA,8,"AH",NA,NA,NA,NA,NA
"fryingpan",NA,NA,8,"AH",NA,"6.8078520000000013",NA,NA,"6.8078520000000013"
"golfball",NA,NA,7,"AH",NA,NA,NA,NA,NA
"granolabar",NA,NA,10,"AH",NA,NA,NA,NA,NA
"guitarcase",NA,NA,8,"AH",NA,NA,NA,NA,NA
"hairclip",NA,NA,7,"AH",NA,NA,NA,NA,NA
"highchair",NA,NA,5,"AH",NA,"3.79",0.778151250383644,"0.778151250383644","3.79"
"hockeypuck",NA,NA,7,"AH",NA,NA,NA,NA,NA
"hockeystick",NA,NA,8,"AH",NA,NA,NA,NA,NA
"hotdog",NA,NA,6,"AH",NA,"4.55",1.20411998265592,"1.20411998265592","4.55"
"hulahoop",NA,NA,7,"WSE",NA,NA,NA,NA,NA
"icecreamcone",NA,NA,9,"AH",NA,NA,NA,NA,NA
"ipad",NA,NA,4,"AH",NA,NA,NA,NA,NA
"ironingboard",NA,NA,9,"AH",NA,"6.5840550000000011",NA,NA,"6.5840550000000011"
"jackhammer",NA,NA,7,"AH",NA,"8.1",1.36172783601759,"1.36172783601759","8.1"
"jellybeans",NA,NA,8,"AH",NA,NA,1.07918124604762,"1.07918124604762",NA
"jumprope",NA,NA,7,"AH",NA,"5.7954370000000006",NA,NA,"5.7954370000000006"
"kiwifruit",NA,NA,8,"AH",NA,NA,NA,NA,NA
"kneepad",NA,NA,5,"AH",NA,"8.06",0.301029995663981,"0.301029995663981","8.06"
"laptop",NA,NA,6,"AH",NA,"12.44",2.12710479836481,"2.12710479836481","12.44"
"lawnmower",NA,NA,6,"AH",NA,"6.11",1.38021124171161,"1.38021124171161","6.11"
"leafblower",NA,NA,7,"AH",NA,NA,NA,NA,NA
"licenseplate",NA,NA,9,"AH",NA,NA,NA,NA,NA
"lightswitch",NA,NA,7,"AH",NA,"5.9446350000000008",NA,NA,"5.9446350000000008"
"magnifyingglass",NA,NA,13,"AH",NA,NA,NA,NA,NA
"maracas",NA,NA,7,"AH",NA,NA,0.903089986991944,"0.903089986991944",NA
"measuringcup",NA,NA,9,"AH",NA,NA,NA,NA,NA
"measuringtape",NA,NA,9,"AH",NA,NA,NA,NA,NA
"cremebrulee",NA,NA,9,"AH",NA,NA,NA,NA,NA
"cremecaramel",NA,NA,10,"AH",NA,NA,NA,NA,NA
"mrpotatohead",NA,NA,14,"WSE",NA,NA,NA,NA,NA
"musicsheet",NA,NA,9,"AH",NA,NA,NA,NA,NA
"nailclipper",NA,NA,8,"AH",NA,NA,NA,NA,NA
"nailpolish",NA,NA,8,"AH",NA,NA,NA,NA,NA
"noparkingsign",NA,NA,11,"AH",NA,NA,NA,NA,NA
"nosmokingsign",NA,NA,11,"AH",NA,NA,NA,NA,NA
"nunchuks",NA,NA,7,"AH",NA,NA,NA,NA,NA
"paintroller",NA,NA,8,"AH",NA,NA,NA,NA,NA
"palmtree",NA,NA,7,"AH",NA,"7.4366150000000006",NA,NA,"7.4366150000000006"
"paperclip",NA,NA,8,"AH",NA,"6.42",0.477121254719662,"0.477121254719662","6.42"
"parkingmeter",NA,NA,10,"AH",NA,NA,NA,NA,NA
"partyhat",NA,NA,8,"AH",NA,NA,NA,NA,NA
"pencilcase",NA,NA,8,"AH",NA,NA,NA,NA,NA
"pencilsharpener",NA,NA,12,"AH",NA,"5.3052150000000005",NA,NA,"5.3052150000000005"
"pictureframe",NA,NA,9,"AH",NA,NA,NA,NA,NA
"pingpongtable",NA,NA,10,"AH",NA,NA,NA,NA,NA
"pirateflag",NA,NA,9,"AH",NA,NA,NA,NA,NA
"pokerchips",NA,NA,8,"AH",NA,NA,NA,NA,NA
"polarbear",NA,NA,7,"AH",NA,NA,NA,NA,NA
"pooltable",NA,NA,7,"AH",NA,"7.6497550000000016",NA,NA,"7.6497550000000016"
"popsicle",NA,NA,8,"AH",NA,"3.78",1.77085201164214,"1.77085201164214","3.78"
"punchingbag",NA,NA,9,"AH",NA,"7.9161800000000015",NA,NA,"7.9161800000000015"
"puzzlepiece",NA,NA,7,"AH",NA,NA,NA,NA,NA
"qtip",NA,NA,6,"AH",NA,NA,NA,NA,NA
"railroadtracks",NA,NA,11,"AH",NA,"7.052963000000001",NA,NA,"7.052963000000001"
"raspberry",NA,NA,7,"AH",NA,NA,1.85733249643127,"1.85733249643127",NA
"razorshell",NA,NA,7,"AH",NA,NA,NA,NA,NA
"recyclingbin",NA,NA,11,"AH",NA,NA,NA,NA,NA
"rockingchair",NA,NA,8,"AH",NA,"5.7847800000000014",NA,NA,"5.7847800000000014"
"rollerblade",NA,NA,8,"AH",NA,"10.8",NA,NA,"10.8"
"rollerskate",NA,NA,8,"AH",NA,"6.3176300000000012",NA,NA,"6.3176300000000012"
"rollingpin",NA,NA,8,"AH",NA,"7.5964700000000009",NA,NA,"7.5964700000000009"
"rubikscube",NA,NA,10,"AH",NA,NA,NA,NA,NA
"safetypin",NA,NA,8,"AH",NA,"6.5307700000000004",NA,NA,"6.5307700000000004"
"salsa",NA,NA,5,"AH",NA,"9.7799999999999994",1.84509804001426,"1.84509804001426","9.7799999999999994"
"schoolbus",NA,NA,7,"AH",NA,NA,NA,NA,NA
"sewingmachine",NA,NA,9,"AH",NA,"5.7101810000000004",NA,NA,"5.7101810000000004"
"shipinabottle",NA,NA,10,"WSE",NA,NA,NA,NA,NA
"skiboot",NA,NA,6,"AH",NA,NA,NA,NA,NA
"snowboard",NA,NA,7,"AH",NA,"11.14",1.30102999566398,"1.30102999566398","11.14"
"soccerball",NA,NA,7,"AH",NA,NA,NA,NA,NA
"spicerack",NA,NA,7,"AH",NA,NA,NA,NA,NA
"spiderweb",NA,NA,8,"AH",NA,"4.9002490000000014",0.698970004336019,"0.698970004336019","4.9002490000000014"
"spinningtop",NA,NA,9,"AH",NA,NA,NA,NA,NA
"stapleremover",NA,NA,11,"AH",NA,NA,NA,NA,NA
"steeringwheel",NA,NA,10,"AH",NA,"5.411785000000001",NA,NA,"5.411785000000001"
"stoplight",NA,NA,7,"AH",NA,"5.89",1.14612803567824,"1.14612803567824","5.89"
"tablefootball",NA,NA,10,"AH",NA,NA,NA,NA,NA
"taperecorder",NA,NA,10,"AH",NA,"8.5023149999999994",NA,NA,"8.5023149999999994"
"teddybear",NA,NA,7,"AH",NA,NA,NA,NA,NA
"teepee",NA,NA,4,"AH",NA,"5.89",0.845098040014257,"0.845098040014257","5.89"
"tennisball",NA,NA,8,"AH",NA,NA,NA,NA,NA
"tennisracket",NA,NA,10,"AH",NA,"7.2661030000000011",NA,NA,"7.2661030000000011"
"toiletpaper",NA,NA,9,"AH",NA,"5.0920750000000004",NA,NA,"5.0920750000000004"
"toolbox",NA,NA,7,"AH",NA,"6.67",1.65321251377534,"1.65321251377534","6.67"
"totempole",NA,NA,8,"AH",NA,"8.6728269999999998",NA,NA,"8.6728269999999998"
"toyhorse",NA,NA,6,"AH",NA,NA,NA,NA,NA
"toysoldier",NA,NA,7,"AH",NA,NA,NA,NA,NA
"tshirt",NA,NA,5,"AH",NA,NA,NA,NA,NA
"tv",NA,NA,4,"AH",NA,"3.4722110000000002",3.35487642251623,"3.35487642251623","3.4722110000000002"
"unicycle",NA,NA,9,"AH",NA,"7.26",0.954242509439325,"0.954242509439325","7.26"
"walkietalkie",NA,NA,8,"AH",NA,NA,NA,NA,NA
"washingmachine",NA,NA,10,"AH",NA,"4.8043360000000011",NA,NA,"4.8043360000000011"
"waterbottle",NA,NA,8,"AH",NA,NA,NA,NA,NA
"waterfountain",NA,NA,9,"AH",NA,NA,NA,NA,NA
"wateringcan",NA,NA,9,"AH",NA,"7.2234750000000005",NA,NA,"7.2234750000000005"
"windshieldwiper",NA,NA,12,"AH",NA,NA,NA,NA,NA
"witchhat",NA,NA,6,"AH",NA,NA,NA,NA,NA
"yoyo",NA,NA,4,"AH",NA,"5.6249250000000011",0.778151250383644,"0.778151250383644","5.6249250000000011"
